จังหวัด,เขต,ผู้มีสิทธิเลือกตั้ง,ผู้ใช้สิทธิเลือกตั้ง,ร้อยละ,บัตรเสีย,ร้อยละ2, บัตรไม่เลือกผู้สมัครผู้ใด,ร้อยละ3
กรุงเทพมหานคร,1,137554,94406,68.63195545,1259,1.333601678,3056,3.237082389
กรุงเทพมหานคร,2,140733,96992,68.91915897,1368,1.410425602,3426,3.532250082
กรุงเทพมหานคร,3,125476,88098,70.21103637,1130,1.28266249,2685,3.047742287
กรุงเทพมหานคร,4,130260,89245,68.51297405,1392,1.559751247,2485,2.784469718
กรุงเทพมหานคร,5,132454,99240,74.9241246,1218,1.22732769,2944,2.966545748
กรุงเทพมหานคร,6,145675,108113,74.21520508,1444,1.335639562,3355,3.103234579
กรุงเทพมหานคร,7,142086,99645,70.13006208,1294,1.298610066,3375,3.387023935
กรุงเทพมหานคร,8,142174,108227,76.1229198,1040,0.960943203,3638,3.361453242
กรุงเทพมหานคร,9,146096,107795,73.78367649,1925,1.785797115,3949,3.663435224
กรุงเทพมหานคร,10,137039,104102,75.96523617,1373,1.318898772,2993,2.87506484
กรุงเทพมหานคร,11,134134,102613,76.50036531,1276,1.243507158,2221,2.164443102
กรุงเทพมหานคร,12,138408,106410,76.88139414,1187,1.115496664,3248,3.052344704
กรุงเทพมหานคร,13,132486,100382,75.76800568,1032,1.028072762,3101,3.089199259
กรุงเทพมหานคร,14,139036,101871,73.26951293,1193,1.171088926,2787,2.73581294
กรุงเทพมหานคร,15,127334,95935,75.34122858,1178,1.227914734,2585,2.694532757
กรุงเทพมหานคร,16,131399,101785,77.46253777,1309,1.286044113,2724,2.676229307
กรุงเทพมหานคร,17,114018,85830,75.27758775,1735,2.021437726,2197,2.559711057
กรุงเทพมหานคร,18,116769,89624,76.75324787,1967,2.194724627,2587,2.886503615
กรุงเทพมหานคร,19,131753,101228,76.8316471,1292,1.276326708,3401,3.359742364
กรุงเทพมหานคร,20,122467,90262,73.70312002,1680,1.861248366,2490,2.758635971
กรุงเทพมหานคร,21,131750,99180,75.27893738,1314,1.324863884,2325,2.344222626
กรุงเทพมหานคร,22,130951,97065,74.1231453,1268,1.306341112,3145,3.240096842
กรุงเทพมหานคร,23,145165,105969,72.99900114,1265,1.193745341,3361,3.171682284
กรุงเทพมหานคร,24,142622,103082,72.2763669,1615,1.566713878,3649,3.539900274
กรุงเทพมหานคร,25,125512,92942,74.05029001,1313,1.412709001,2760,2.96959394
กรุงเทพมหานคร,26,135371,101311,74.83951511,1944,1.918843956,2659,2.624591604
กรุงเทพมหานคร,27,129232,101144,78.26544509,1472,1.455350787,1919,1.897294946
กรุงเทพมหานคร,28,136636,105489,77.20439708,1836,1.740465831,2408,2.282702462
กรุงเทพมหานคร,29,143349,108687,75.81985225,2089,1.922032994,3037,2.794262423
กรุงเทพมหานคร,30,140015,104742,74.80769918,1724,1.645949094,3230,3.083767734
กรุงเทพมหานคร,31,141699,110632,78.07535692,1615,1.459794634,3708,3.351652325
กรุงเทพมหานคร,32,142597,101615,71.26026494,1772,1.743837032,3441,3.386311076
กรุงเทพมหานคร,33,148821,109252,73.41168249,1811,1.657635558,3210,2.938161315
กระบี่,1,122769,102097,83.16187311,3521,3.448681156,2184,2.139142188
กระบี่,2,114538,93287,81.44633222,3532,3.786165275,2597,2.783881999
กระบี่,3,119957,99453,82.90720842,3542,3.561481303,1910,1.920505163
กาญจนบุรี,1,132469,105722,79.80886094,3975,3.759860767,3124,2.954919506
กาญจนบุรี,2,129827,107722,82.9734955,3779,3.508104194,1515,1.40639795
กาญจนบุรี,3,134560,113156,84.09334126,4121,3.641874934,1609,1.421930786
กาญจนบุรี,4,130701,103157,78.92594548,5799,5.62152835,1102,1.068274572
กาญจนบุรี,5,118524,87805,74.08204246,4652,5.298103753,1316,1.498775696
กาฬสินธุ์,1,130873,94594,72.27923254,3195,3.377592659,1536,1.623781635
กาฬสินธุ์,2,126334,90776,71.85397439,3013,3.319159249,658,0.724861197
กาฬสินธุ์,3,123546,85608,69.29240931,3757,4.388608541,980,1.144752827
กาฬสินธุ์,4,135327,95030,70.2224981,3996,4.204987899,1004,1.056508471
กาฬสินธุ์,5,136514,97068,71.10479511,4222,4.349528166,1340,1.380475543
กาฬสินธุ์,6,135611,94830,69.9279557,4091,4.314035643,1936,2.041548033
กำแพงเพชร,1,144005,106015,73.61897156,6280,5.923690044,2807,2.647738528
กำแพงเพชร,2,146910,105670,71.92839153,7512,7.108924009,2494,2.360177912
กำแพงเพชร,3,138018,94604,68.54468258,4731,5.00084563,2244,2.371992728
กำแพงเพชร,4,139091,97660,70.213026,5658,5.793569527,1629,1.668031948
ขอนแก่น,1,129179,96838,74.96419697,1850,1.910407072,3189,3.29312873
ขอนแก่น,2,133299,106220,79.68551902,2520,2.37243457,2973,2.798907927
ขอนแก่น,3,131940,96745,73.32499621,2702,2.792909194,804,0.8310507
ขอนแก่น,4,130143,98738,75.86885196,2575,2.607911848,1524,1.543478701
ขอนแก่น,5,131205,87102,66.38618955,2872,3.297283644,1180,1.354733531
ขอนแก่น,6,129388,90922,70.27081337,3002,3.301731154,1381,1.518884318
ขอนแก่น,7,132057,98097,74.28383198,3746,3.818669276,958,0.976584401
ขอนแก่น,8,138274,102147,73.87289006,3909,3.826837793,1685,1.649583443
ขอนแก่น,9,126949,87404,68.84969555,3402,3.892270377,966,1.105212576
ขอนแก่น,10,134888,92271,68.40564023,3503,3.796425746,864,0.936372208
ขอนแก่น,11,131436,94907,72.20776652,3253,3.427565933,710,0.748100772
จันทบุรี,1,146141,114253,78.17997687,3269,2.861194017,3111,2.722904431
จันทบุรี,2,140889,107992,76.65041274,5497,5.090191866,3231,2.991888288
จันทบุรี,3,140887,106198,75.37813993,5017,4.724194429,2558,2.408708262
ฉะเชิงเทรา,1,143562,122124,85.06707903,3088,2.528577511,2500,2.047099669
ฉะเชิงเทรา,2,142721,119211,83.52730152,4644,3.89561366,2434,2.041757891
ฉะเชิงเทรา,3,144787,113283,78.24114043,6069,5.357379307,1591,1.404447269
ฉะเชิงเทรา,4,144726,122385,84.56324365,4166,3.40401193,1873,1.530416309
ชลบุรี,1,127261,104984,82.4950299,2347,2.235578755,2592,2.468947649
ชลบุรี,2,111805,88518,79.17177228,1738,1.963442464,1905,2.152104657
ชลบุรี,3,116766,98964,84.75412363,2511,2.537286286,1754,1.772361667
ชลบุรี,4,117288,94166,80.28613328,4375,4.646050592,1435,1.523904594
ชลบุรี,5,131393,111292,84.70162033,4167,3.744204435,1850,1.662293786
ชลบุรี,6,132344,101948,77.03258176,2317,2.272727273,2053,2.013771727
ชลบุรี,7,118413,92544,78.15358111,1694,1.830480636,1823,1.96987379
ชลบุรี,8,130136,97204,74.6941661,3078,3.166536357,2192,2.255051232
ชลบุรี,9,115650,76391,66.05361003,2036,2.665235433,1515,1.983217918
ชลบุรี,10,131994,93252,70.64866585,2234,2.395659074,3057,3.278213872
ชัยนาท,1,131511,102135,77.66270502,4652,4.55475596,2495,2.442845254
ชัยนาท,2,130811,103343,79.00176591,5693,5.508839496,1608,1.555983473
ชัยภูมิ,1,129659,96638,74.53242737,3660,3.787330036,1871,1.936091393
ชัยภูมิ,2,134045,96809,72.22126898,4435,4.581185634,1291,1.333553699
ชัยภูมิ,3,125919,89484,71.06473209,4417,4.936077958,818,0.9141299
ชัยภูมิ,4,119870,81576,68.05372487,4212,5.163283319,768,0.941453369
ชัยภูมิ,5,131847,93540,70.94586908,5035,5.382723968,1035,1.106478512
ชัยภูมิ,6,133733,97337,72.78457823,4282,4.399149347,794,0.815722695
ชัยภูมิ,7,126779,89778,70.81456708,3434,3.824990532,865,0.963487714
ชุมพร,1,135731,108261,79.76143991,2450,2.263049482,3301,3.049112792
ชุมพร,2,134788,108613,80.58061549,3464,3.189305148,3390,3.12117334
ชุมพร,3,133675,101559,75.97456518,3660,3.603816501,3221,3.171555451
เชียงราย,1,135071,109475,81.04996631,3628,3.31399863,2985,2.72664992
เชียงราย,2,133639,103629,77.54398042,5316,5.129838173,2121,2.046724373
เชียงราย,3,139958,110706,79.09944412,7523,6.795476307,1608,1.4524958
เชียงราย,4,143674,113169,78.76790512,4947,4.371338441,2210,1.952831606
เชียงราย,5,132452,103456,78.10829584,4649,4.493697804,1582,1.52915249
เชียงราย,6,124106,87606,70.58965723,5494,6.271259959,1651,1.884574116
เชียงราย,7,133985,101295,75.60174646,6250,6.170097241,2036,2.009970877
เชียงใหม่,1,139581,108446,77.69395548,2137,1.970565996,4016,3.703225568
เชียงใหม่,2,139823,115112,82.32694192,2982,2.590520537,4113,3.573041907
เชียงใหม่,3,134853,113609,84.24654995,3577,3.148518163,2971,2.615109718
เชียงใหม่,4,140156,114802,81.91015725,2798,2.437239769,3799,3.309175798
เชียงใหม่,5,132614,108428,81.76210656,5342,4.926771683,2678,2.469841738
เชียงใหม่,6,126886,96543,76.08640827,4760,4.930445501,1350,1.398340636
เชียงใหม่,7,132681,103047,77.66522712,6363,6.174852252,2716,2.63569051
เชียงใหม่,8,136368,118394,86.81948844,3646,3.07954795,2748,2.321063567
เชียงใหม่,9,124621,110009,88.27484934,5023,4.565990055,1670,1.518057613
เชียงใหม่,10,119900,99914,83.33110926,7189,7.195187862,1005,1.005865044
ตรัง,1,121231,102067,84.19216207,2135,2.091763254,3665,3.590778606
ตรัง,2,130596,104797,80.24518362,3122,2.979092913,3009,2.871265399
ตรัง,3,123965,95612,77.12822168,3223,3.370915785,6475,6.77216249
ตรัง,4,125499,101994,81.2707671,2779,2.724670079,2555,2.505049317
ตราด,1,175112,129680,74.05546165,5972,4.605181986,2626,2.024984577
ตาก,1,149937,111712,74.50595917,4990,4.466843311,3165,2.833178172
ตาก,2,124501,94674,76.04276271,6902,7.29028033,2142,2.262500792
ตาก,3,129770,98798,76.13315867,9092,9.202615438,1592,1.611368651
นครนายก,1,102841,84635,82.29694383,2988,3.530454304,1862,2.200035446
นครนายก,2,107118,88973,83.06073676,3242,3.643802052,1608,1.807289852
นครปฐม,1,126378,107368,84.95782494,2999,2.793197228,2153,2.005252962
นครปฐม,2,120391,99830,82.92148084,2898,2.902934989,3241,3.246519082
นครปฐม,3,117980,97261,82.43854891,3871,3.980012544,2430,2.498432054
นครปฐม,4,126185,107157,84.92055316,3838,3.581660554,1628,1.519266124
นครปฐม,5,127644,108608,85.08664724,3573,3.289812905,2562,2.358942251
นครปฐม,6,121137,97550,80.52865764,2348,2.406970784,3008,3.083546899
นครพนม,1,141695,100285,70.77525671,3976,3.964700603,815,0.812683851
นครพนม,2,141004,99905,70.85259993,3741,3.744557329,1226,1.227165808
นครพนม,3,141726,97928,69.09670773,2652,2.708112082,1318,1.345886774
นครพนม,4,143201,99880,69.74811628,3309,3.312975571,898,0.899078895
นครราชสีมา,1,133340,100575,75.42747863,2730,2.714392245,3820,3.798160577
นครราชสีมา,2,133796,107146,80.08161679,3798,3.544696022,3452,3.221772161
นครราชสีมา,3,132267,105476,79.74475871,3154,2.990253707,3485,3.304069172
นครราชสีมา,4,130092,103657,79.67976509,5802,5.597306501,1588,1.53197565
นครราชสีมา,5,132503,102125,77.07372663,4805,4.70501836,1658,1.623500612
นครราชสีมา,6,133571,92005,68.88096967,3750,4.075865442,1425,1.548828868
นครราชสีมา,7,131476,91376,69.50013691,3412,3.734022063,935,1.023244616
นครราชสีมา,8,132802,98058,73.83774341,4300,4.385159803,1367,1.394072896
นครราชสีมา,9,134590,100191,74.44163757,4312,4.303779781,885,0.883312872
นครราชสีมา,10,136035,114700,84.31653619,4294,3.743679163,1503,1.310374891
นครราชสีมา,11,130497,102477,78.52824203,4490,4.381470964,976,0.952408833
นครราชสีมา,12,130718,104448,79.90330329,4219,4.039330576,1240,1.187193627
นครราชสีมา,13,128122,94218,73.53772186,4686,4.973571929,1645,1.74595088
นครราชสีมา,14,127214,96450,75.81712705,3881,4.023846553,1924,1.994815967
นครราชสีมา,15,136904,106452,77.75667621,4326,4.063803404,862,0.809754631
นครราชสีมา,16,135617,97724,72.05881269,3766,3.85371045,822,0.841144448
นครศรีธรรมราช,1,121449,91015,74.9409217,2328,2.55782014,2750,3.021479976
นครศรีธรรมราช,2,127264,98651,77.51681544,3651,3.700925485,3733,3.784046791
นครศรีธรรมราช,3,135503,94474,69.72096559,3039,3.21675805,1695,1.794144421
นครศรีธรรมราช,4,127614,93949,73.61966555,4125,4.39068005,4284,4.559920808
นครศรีธรรมราช,5,122607,94919,77.41727634,2797,2.946722995,2546,2.682287003
นครศรีธรรมราช,6,113429,85160,75.07780197,2284,2.682010333,2468,2.898074213
นครศรีธรรมราช,7,118822,90304,75.99939405,2656,2.941176471,2901,3.212482282
นครศรีธรรมราช,8,117640,90014,76.51649099,3218,3.574999445,3938,4.374875019
นครศรีธรรมราช,9,114776,90381,78.74555656,3074,3.401157323,2053,2.271495115
นครศรีธรรมราช,10,127071,95962,75.51841097,2813,2.931368667,2377,2.477022155
นครสวรรค์,1,138993,105798,76.11750232,3308,3.12671317,3445,3.256205221
นครสวรรค์,2,136051,107230,78.81603222,5033,4.693649165,2221,2.071248718
นครสวรรค์,3,147258,109067,74.06524603,5285,4.845645337,1744,1.599017118
นครสวรรค์,4,139375,104726,75.13973094,5929,5.66144033,1226,1.170673949
นครสวรรค์,5,140276,104880,74.76688813,4488,4.279176201,1916,1.826849733
นครสวรรค์,6,136943,97305,71.05511052,4930,5.066543343,875,0.899234366
นนทบุรี,1,139714,107099,76.65588273,2296,2.143810867,4105,3.832902268
นนทบุรี,2,123668,95416,77.15496329,2022,2.119141444,3388,3.550767167
นนทบุรี,3,133307,106507,79.89602947,2004,1.88156647,4193,3.936830443
นนทบุรี,4,126831,96342,75.96092438,1571,1.630649146,3454,3.585144589
นนทบุรี,5,130916,101916,77.84839133,2953,2.897484203,4570,4.484084933
นนทบุรี,6,135099,107193,79.3440366,2252,2.100883453,3983,3.715727706
นนทบุรี,7,134546,105655,78.52704651,2356,2.2298992,3354,3.174482987
นนทบุรี,8,132133,103196,78.10009612,3080,2.984611807,3895,3.7743711
นราธิวาส,1,124387,98791,79.42228689,6320,6.397343888,2246,2.273486451
นราธิวาส,2,109614,81596,74.43939643,5305,6.501544193,2103,2.577332222
นราธิวาส,3,108823,80412,73.89246758,6778,8.429090186,1612,2.004675919
นราธิวาส,4,113598,85575,75.33143189,6177,7.218229623,1141,1.333333333
นราธิวาส,5,119721,95803,80.02188421,6518,6.803544774,799,0.834003111
น่าน,1,139639,111943,80.16599947,5447,4.865869237,3680,3.287387331
น่าน,2,130207,102972,79.08330581,5564,5.403410636,1924,1.868469098
น่าน,3,119325,93628,78.46469726,7058,7.538343231,1895,2.023967189
บึงกาฬ,1,102624,75681,73.74590739,2582,3.411688535,858,1.13370595
บึงกาฬ,2,107684,76441,70.98640467,2560,3.348988108,829,1.08449654
บึงกาฬ,3,116771,79628,68.19158866,3236,4.063897122,998,1.253327975
บุรีรัมย์,1,123335,90518,73.39198119,4720,5.214432489,2090,2.30893303
บุรีรัมย์,2,125614,88374,70.353623,4480,5.069364293,1610,1.821802793
บุรีรัมย์,3,124152,83920,67.59456151,4778,5.693517636,1081,1.288131554
บุรีรัมย์,4,120551,82153,68.1479208,4262,5.187881149,832,1.012744513
บุรีรัมย์,5,131561,89915,68.34472222,4158,4.624367458,1435,1.595951732
บุรีรัมย์,6,130870,87125,66.57369909,3825,4.390243902,1688,1.937446198
บุรีรัมย์,7,121836,86863,71.29501953,3916,4.508248621,1065,1.226068637
บุรีรัมย์,8,125882,92560,73.52917812,4582,4.950302506,1839,1.98681936
บุรีรัมย์,9,125926,88326,70.14119403,4306,4.875121708,1001,1.133301633
บุรีรัมย์,10,120188,82599,68.7248311,4400,5.326941004,1200,1.452802092
ปทุมธานี,1,131304,109016,83.0256504,3056,2.803258237,2497,2.290489469
ปทุมธานี,2,139489,108556,77.82405781,2430,2.238475994,3782,3.483916135
ปทุมธานี,3,126247,99770,79.02762046,1838,1.842237145,2644,2.650095219
ปทุมธานี,4,133040,106181,79.81133494,2219,2.089827747,3091,2.911066952
ปทุมธานี,5,143080,115676,80.84707856,2500,2.161208894,2853,2.46637159
ปทุมธานี,6,147030,112943,76.81629599,1762,1.560078978,3410,3.019222085
ปทุมธานี,7,142701,112659,78.94758972,2665,2.365545584,2651,2.353118703
ประจวบคีรีขันธ์,1,150346,114565,76.2008966,4436,3.872037708,2244,1.958713394
ประจวบคีรีขันธ์,2,143310,110411,77.04347219,3757,3.402740669,2461,2.22894458
ประจวบคีรีขันธ์,3,137088,103476,75.48144258,4221,4.079206773,2139,2.067146005
ปราจีนบุรี,1,129146,102871,79.65480929,4044,3.931137055,3362,3.268170816
ปราจีนบุรี,2,136175,110472,81.12502295,4197,3.799152726,1967,1.780541676
ปราจีนบุรี,3,129339,101602,78.55480559,4737,4.662309797,1899,1.869057696
ปัตตานี,1,95339,75246,78.9246793,2317,3.079233448,2611,3.469951891
ปัตตานี,2,107853,84368,78.22499142,2859,3.388725583,1573,1.864450977
ปัตตานี,3,94165,71581,76.01656666,2708,3.783126807,1166,1.628923876
ปัตตานี,4,106339,83889,78.88827241,2570,3.063572101,1138,1.356554495
ปัตตานี,5,104911,78884,75.19135267,3263,4.136453527,1126,1.427412403
พระนครศรีอยุธยา,1,138032,110317,79.92132259,3578,3.24338044,3918,3.551583165
พระนครศรีอยุธยา,2,127839,106945,83.65600482,4330,4.048810136,2389,2.233858525
พระนครศรีอยุธยา,3,130769,107898,82.5103809,3296,3.054736881,1929,1.787799589
พระนครศรีอยุธยา,4,134330,113956,84.83287426,2901,2.5457194,1947,1.708554179
พระนครศรีอยุธยา,5,132850,107231,80.71584494,3775,3.520437187,1944,1.812908581
พะเยา,1,126268,101698,80.54138816,4420,4.346201499,3119,3.066923637
พะเยา,2,128644,99198,77.11047542,5711,5.757172524,1993,2.009113087
พะเยา,3,131893,103270,78.29831758,5887,5.700590685,1740,1.684903651
พังงา,1,98336,77532,78.84396355,2393,3.086467523,2522,3.252850436
พังงา,2,108410,84059,77.53805,3485,4.145897524,5079,6.042184656
พัทลุง,1,133145,113907,85.55109092,3240,2.844425716,2094,1.838341805
พัทลุง,2,143176,122339,85.44658323,3603,2.945095186,2302,1.881656708
พัทลุง,3,141139,116331,82.42300144,5130,4.40983057,4502,3.869991662
พิจิตร,1,145488,109211,75.06529748,5176,4.739449323,1738,1.591414784
พิจิตร,2,141711,100611,70.99731143,5504,5.470574788,1302,1.294093091
พิจิตร,3,140804,105762,75.11292293,5297,5.008415121,945,0.893515629
พิษณุโลก,1,139465,104852,75.18158678,2423,2.310876283,3666,3.49635677
พิษณุโลก,2,145515,112980,77.64148026,4341,3.842272969,2576,2.280049566
พิษณุโลก,3,141757,100483,70.88397751,5475,5.448682862,1463,1.455967676
พิษณุโลก,4,128045,97594,76.21851693,4219,4.323011661,1239,1.269545259
พิษณุโลก,5,131613,98759,75.03742032,4446,4.501868184,1935,1.9593151
เพชรบุรี,1,123794,104809,84.66403864,3143,2.998788272,2014,1.921590703
เพชรบุรี,2,135328,113627,83.96414637,4093,3.602136816,1680,1.47852183
เพชรบุรี,3,129638,110142,84.96119965,4104,3.726099036,1900,1.72504585
เพชรบูรณ์,1,132232,96629,73.07535241,4893,5.063697234,2580,2.670005899
เพชรบูรณ์,2,130628,99420,76.10925682,5254,5.284650976,2470,2.484409576
เพชรบูรณ์,3,126045,97258,77.16133127,5132,5.276686751,1761,1.810647967
เพชรบูรณ์,4,126847,86560,68.23969034,4852,5.605360444,1336,1.543438078
เพชรบูรณ์,5,132922,90939,68.41531124,5235,5.756606077,1483,1.630763479
เพชรบูรณ์,6,135651,93742,69.10527751,4680,4.99242602,1394,1.487060229
แพร่,1,123829,101847,82.2481002,2895,2.842499043,2375,2.331929266
แพร่,2,118487,93210,78.66685797,3922,4.207703036,1261,1.352859135
แพร่,3,123632,92824,75.08088521,5137,5.534129105,1720,1.85296906
ภูเก็ต,1,100995,76178,75.42749641,1996,2.620179054,3449,4.527553887
ภูเก็ต,2,102388,75072,73.32109232,2113,2.814631287,2783,3.707107843
ภูเก็ต,3,109826,83826,76.3261887,2423,2.890511297,3120,3.721995562
มหาสารคาม,1,126660,95990,75.78556766,1973,2.05542244,2045,2.130430253
มหาสารคาม,2,127877,90040,70.41141097,3291,3.655042203,1041,1.156152821
มหาสารคาม,3,129126,92042,71.28076452,3285,3.569022837,432,0.469350948
มหาสารคาม,4,125426,88748,70.75725926,2207,2.486816604,840,0.946500203
มหาสารคาม,5,132257,95987,72.57612073,2750,2.864971298,1208,1.258503756
มหาสารคาม,6,131501,97770,74.34924449,2886,2.951825713,1171,1.197708909
มุกดาหาร,1,139625,106225,76.07878245,3669,3.453989174,1714,1.613556131
มุกดาหาร,2,137161,102939,75.04975904,3552,3.450587241,1726,1.676721165
แม่ฮ่องสอน,1,87373,71189,81.47711536,4081,5.732627232,1334,1.87388501
แม่ฮ่องสอน,2,93725,76793,81.9343825,5714,7.440782363,1146,1.492323519
ยโสธร,1,144816,110491,76.29750856,2857,2.585730965,1341,1.213673512
ยโสธร,2,141902,98432,69.36618229,3161,3.211354031,853,0.866588101
ยโสธร,3,145408,104532,71.8887544,3312,3.16840776,922,0.882026556
ยะลา,1,125093,99228,79.3233834,3613,3.641109364,3943,3.973676785
ยะลา,2,129255,100319,77.61324514,4274,4.260409294,2696,2.687427108
ยะลา,3,127445,97956,76.86139119,4229,4.317244477,2814,2.872718363
ร้อยเอ็ด,1,126208,97457,77.21935218,2059,2.112726638,1528,1.567870958
ร้อยเอ็ด,2,136449,96360,70.61979201,3047,3.162100457,1038,1.077210461
ร้อยเอ็ด,3,132389,90228,68.15369857,1822,2.019328811,893,0.989714944
ร้อยเอ็ด,4,129800,87354,67.29892142,3216,3.681571537,1011,1.157359709
ร้อยเอ็ด,5,133547,88378,66.17745064,3033,3.431849555,1332,1.507162416
ร้อยเอ็ด,6,130379,88342,67.75784444,2875,3.254397682,1007,1.139888162
ร้อยเอ็ด,7,134249,92305,68.75656429,2237,2.423487352,640,0.693353556
ร้อยเอ็ด,8,131683,93392,70.92183501,1880,2.013020387,1013,1.084675347
ระนอง,1,140024,105944,75.6613152,4019,3.793513554,2518,2.376727328
ระยอง,1,113425,92474,81.5287635,1888,2.041654952,2304,2.491511127
ระยอง,2,114586,84238,73.5150891,2462,2.922671478,2495,2.961846198
ระยอง,3,122663,95520,77.87189291,3753,3.929020101,2297,2.404731993
ระยอง,4,120353,91834,76.30387277,3206,3.491081734,2349,2.557876168
ระยอง,5,116640,90537,77.62088477,2508,2.770138176,1939,2.141665838
ราชบุรี,1,138676,109540,78.98987568,3645,3.327551579,3960,3.615117765
ราชบุรี,2,133053,105493,79.28644976,5549,5.260064649,3951,3.745272198
ราชบุรี,3,138855,119245,85.87735407,4598,3.855926873,2428,2.036144073
ราชบุรี,4,138957,116293,83.68991846,3785,3.254710086,1605,1.38013466
ราชบุรี,5,132930,114793,86.35597683,3292,2.867770683,1496,1.303215353
ลพบุรี,1,118800,93794,78.95117845,2730,2.910633942,3938,4.198562808
ลพบุรี,2,122526,95559,77.99079379,4606,4.820058812,3031,3.17186241
ลพบุรี,3,122543,97574,79.62429515,4279,4.38538955,1997,2.046651772
ลพบุรี,4,118249,89787,75.93045184,4912,5.470725161,1682,1.873322419
ลพบุรี,5,116073,90240,77.74417823,3799,4.209884752,953,1.056072695
ลำปาง,1,148928,120565,80.95522669,4437,3.680172521,4183,3.469497781
ลำปาง,2,153670,119599,77.82846359,7339,6.136338933,2638,2.205704061
ลำปาง,3,149147,120834,81.01671505,5579,4.617077975,3944,3.263981992
ลำปาง,4,160855,122131,75.92614466,6763,5.537496622,2341,1.916794262
ลำพูน,1,168981,146167,86.49907386,5245,3.588361258,3353,2.293951439
ลำพูน,2,164411,141388,85.99667905,7226,5.110759046,2787,1.971171528
เลย,1,124668,96500,77.40558925,3774,3.910880829,2766,2.866321244
เลย,2,132119,93344,70.65145816,4609,4.937649983,1790,1.917637984
เลย,3,124801,98765,79.13798768,3944,3.993317471,1631,1.651394725
เลย,4,123302,93584,75.89820116,4098,4.378953667,1775,1.896691742
ศรีสะเกษ,1,132184,100569,76.08258186,3576,3.555767682,1425,1.416937625
ศรีสะเกษ,2,127574,87917,68.91451236,4045,4.600930423,1715,1.950703504
ศรีสะเกษ,3,123066,89855,73.01366746,4576,5.092649268,916,1.019420177
ศรีสะเกษ,4,121071,86615,71.54066622,4475,5.166541592,950,1.096807712
ศรีสะเกษ,5,125809,87828,69.81058589,5343,6.08348135,1052,1.197795692
ศรีสะเกษ,6,127619,89674,70.26696652,5393,6.014006289,1175,1.31030176
ศรีสะเกษ,7,127209,87119,68.48493424,4959,5.692214098,1300,1.492211802
ศรีสะเกษ,8,132733,97459,73.42484537,3846,3.946274844,753,0.772632594
ศรีสะเกษ,9,139460,98658,70.74286534,4634,4.697034199,1206,1.222404671
สกลนคร,1,132357,96244,72.71545895,2742,2.849008769,2820,2.930052783
สกลนคร,2,130255,90918,69.80000768,2470,2.71673376,1369,1.505752436
สกลนคร,3,132724,92272,69.52171423,2879,3.120123114,1081,1.171536327
สกลนคร,4,127317,88340,69.38586363,2434,2.755263754,1749,1.979850577
สกลนคร,5,128271,85443,66.61131511,2864,3.35194223,877,1.026415271
สกลนคร,6,128009,83631,65.33212508,2394,2.862574883,1094,1.308127369
สกลนคร,7,129965,82845,63.74408495,2420,2.92111775,1192,1.438831553
สงขลา,1,128356,102285,79.68852255,2797,2.734516302,3495,3.416923303
สงขลา,2,109816,86476,78.74626648,2047,2.367130765,2113,2.443452519
สงขลา,3,128660,107756,83.75252604,3141,2.914918891,3523,3.269423512
สงขลา,4,126314,102833,81.41061165,3991,3.881049858,2223,2.161757413
สงขลา,5,125902,103190,81.96057251,5194,5.033433472,5800,5.62069968
สงขลา,6,113548,92676,81.61834643,3003,3.240321119,1701,1.835426648
สงขลา,7,119873,99374,82.89940187,5304,5.3374122,3744,3.767585083
สงขลา,8,116928,97417,83.31366311,3942,4.046521654,3031,3.111366599
สงขลา,9,127045,107213,84.38978315,2824,2.634008935,3959,3.692649212
สตูล,1,114190,88647,77.63114108,3515,3.965165206,3835,4.326147529
สตูล,2,126303,105508,83.53562465,3460,3.27937218,2287,2.167608143
สมุทรปราการ,1,127532,100175,78.54891321,2421,2.416770651,2644,2.639381083
สมุทรปราการ,2,125227,99349,79.33512741,2302,2.317084218,2121,2.134898187
สมุทรปราการ,3,141111,106238,75.28683093,2186,2.057644157,2944,2.771136505
สมุทรปราการ,4,126803,101810,80.2898985,1840,1.807288086,3270,3.211865239
สมุทรปราการ,5,151316,119975,79.28771577,2338,1.948739321,3251,2.709731194
สมุทรปราการ,6,132580,102544,77.34499925,3156,3.07770323,2716,2.648619129
สมุทรปราการ,7,139854,113796,81.36771204,2643,2.322577243,1921,1.688108545
สมุทรปราการ,8,144807,113255,78.21099809,3136,2.768972672,2608,2.30276809
สมุทรสงคราม,1,156024,120853,77.45795519,4302,3.559696491,2977,2.463323211
สมุทรสาคร,1,151099,117455,77.73380367,3292,2.802775531,3294,2.804478311
สมุทรสาคร,2,145061,112852,77.79623744,2973,2.634423847,2883,2.554673378
สมุทรสาคร,3,150251,119698,79.66535996,4301,3.593209577,2771,2.314992732
สระแก้ว,1,145448,107882,74.17221275,5036,4.668063254,1623,1.504421498
สระแก้ว,2,143259,103004,71.90054377,3844,3.731893907,1590,1.543629374
สระแก้ว,3,148906,110159,73.97888601,4988,4.528000436,1745,1.58407393
สระบุรี,1,126173,103684,82.17605985,3696,3.564677289,3316,3.198179083
สระบุรี,2,133203,109753,82.3952914,4939,4.500104781,2080,1.895164597
สระบุรี,3,123399,103466,83.84670864,3900,3.769354184,1818,1.75709895
สระบุรี,4,126633,103760,81.93756762,4189,4.037201234,2754,2.654202005
สิงห์บุรี,1,168062,131501,78.24552844,6084,4.626580786,3939,2.995414484
สุโขทัย,1,119308,89158,74.72927214,3929,4.406783463,2856,3.203302003
สุโขทัย,2,117981,84373,71.51405735,4677,5.543242506,1290,1.52892513
สุโขทัย,3,121622,91645,75.35232113,4376,4.774946806,1252,1.366141088
สุโขทัย,4,120730,89737,74.32866727,4878,5.435884864,1802,2.008090308
สุพรรณบุรี,1,134390,101837,75.77721557,7032,6.905152351,3054,2.998910023
สุพรรณบุรี,2,129478,97621,75.39582014,6228,6.379774844,1707,1.748599174
สุพรรณบุรี,3,128962,104692,81.18050278,6273,5.991861842,1345,1.284720896
สุพรรณบุรี,4,137085,108646,79.25447715,6026,5.54645362,1232,1.133957992
สุพรรณบุรี,5,144544,114168,78.98494576,7109,6.226788592,2586,2.265083036
สุราษฎร์ธานี,1,115687,88545,76.53841832,1894,2.139025354,3950,4.461008527
สุราษฎร์ธานี,2,114455,84772,74.06579005,2621,3.091822772,2142,2.52677771
สุราษฎร์ธานี,3,117203,92603,79.01077617,3095,3.342224334,3137,3.387579236
สุราษฎร์ธานี,4,121218,89546,73.87186721,2395,2.674602997,5337,5.960065218
สุราษฎร์ธานี,5,118628,86830,73.19519844,3245,3.737187608,4449,5.123805136
สุราษฎร์ธานี,6,123057,96741,78.61478827,3129,3.234409402,2621,2.709295955
สุราษฎร์ธานี,7,119934,90881,75.77584338,2388,2.627611932,4969,5.467589485
สุรินทร์,1,135300,100333,74.15594974,3447,3.435559587,2274,2.266452712
สุรินทร์,2,138837,101279,72.94813342,3876,3.827052005,1480,1.461309847
สุรินทร์,3,137628,94821,68.89659081,4143,4.369285285,845,0.891152804
สุรินทร์,4,139262,93230,66.94575692,3519,3.774536094,1601,1.717258393
สุรินทร์,5,135384,88718,65.53063878,3406,3.839130729,1225,1.380779549
สุรินทร์,6,132918,89196,67.1060353,4773,5.351136822,845,0.947351899
สุรินทร์,7,134858,96743,71.73693811,3771,3.897956441,1472,1.521557115
สุรินทร์,8,134865,91228,67.64394024,5424,5.945543035,1084,1.188231683
หนองคาย,1,138031,97081,70.33275134,3596,3.704123361,1859,1.914895809
หนองคาย,2,135023,87296,64.6526888,4217,4.830690982,995,1.13980022
หนองคาย,3,136980,92354,67.42152139,3516,3.80709011,1493,1.616605669
หนองบัวลำภู,1,138523,95960,69.27369462,4225,4.402876198,1451,1.51208837
หนองบัวลำภู,2,135176,88961,65.81123868,2778,3.122716696,867,0.974584368
หนองบัวลำภู,3,130715,87226,66.72990858,3317,3.802765231,866,0.992823241
อ่างทอง,1,111355,89918,80.74895604,3263,3.628861852,2059,2.289864098
อ่างทอง,2,112719,91466,81.14514856,3805,4.160015744,1517,1.658539785
อำนาจเจริญ,1,145416,105574,72.60136436,3359,3.181654574,1269,1.202000493
อำนาจเจริญ,2,155936,111813,71.7044172,3824,3.419995886,1101,0.984679778
อุดรธานี,1,127631,90592,70.97962094,1988,2.194454256,2912,3.214411869
อุดรธานี,2,126532,90418,71.45860336,2572,2.844566347,2620,2.897653122
อุดรธานี,3,124503,82967,66.63855489,3306,3.984716815,947,1.141417672
อุดรธานี,4,125363,80439,64.16486523,2416,3.003518194,561,0.697422892
อุดรธานี,5,122848,77781,63.31482808,2537,3.261722014,929,1.19437909
อุดรธานี,6,125610,84614,67.36247114,2461,2.908502139,770,0.910014891
อุดรธานี,7,128164,83997,65.53868481,2330,2.773908592,1423,1.694108123
อุดรธานี,8,122306,82330,67.31476788,2738,3.325640714,1200,1.457548889
อุดรธานี,9,123681,85776,69.35260873,3295,3.841400858,1255,1.463113225
อุดรธานี,10,121558,83474,68.67009987,3510,4.204902125,1360,1.629249826
อุตรดิตถ์,1,118390,90411,76.36709182,3357,3.713043767,2028,2.24308989
อุตรดิตถ์,2,125354,89997,71.7942786,5237,5.819082858,2104,2.337855706
อุตรดิตถ์,3,124268,92484,74.42302121,4034,4.361835561,2288,2.473941439
อุทัยธานี,1,127586,92174,72.24460364,4581,4.969948142,2765,2.999761321
อุทัยธานี,2,133394,93771,70.2962652,5304,5.656332981,1675,1.786266543
อุบลราชธานี,1,131647,104255,79.19284146,2143,2.055536905,3089,2.962927438
อุบลราชธานี,2,135410,99861,73.74713832,5014,5.020979161,2501,2.504481229
อุบลราชธานี,3,138593,103707,74.82845454,3249,3.132864705,884,0.852401477
อุบลราชธานี,4,142804,109437,76.634408,5196,4.747937169,3666,3.349872529
อุบลราชธานี,5,130284,93368,71.66497805,2873,3.077071373,697,0.74650844
อุบลราชธานี,6,128707,88724,68.93486757,3198,3.604436229,701,0.790090618
อุบลราชธานี,7,127884,91944,71.89640612,2775,3.018141477,696,0.756982511
อุบลราชธานี,8,135989,96804,71.18516939,3374,3.485393166,1374,1.419362836
อุบลราชธานี,9,128539,86559,67.34065148,3749,4.331149852,960,1.109070114
อุบลราชธานี,10,139504,101369,72.66386627,3181,3.138040229,760,0.749736113
อุบลราชธานี,11,133945,93548,69.84060622,2790,2.982426134,805,0.860520802
